issued	advisory	severity	fixed_versions	n_cves	cves
2025-05-07	ALAS2023NVIDIA-2025-068	important	570.133.20	5	CVE-2024-0131 CVE-2024-0147 CVE-2024-0149 CVE-2024-53869 CVE-2025-23244
2025-05-07	ALAS2023NVIDIA-2025-069	important	570.133.20	1	CVE-2025-23244
2025-05-07	ALAS2023NVIDIA-2025-070	important	570.133.20	1	CVE-2025-23244
2025-07-31	ALAS2023NVIDIA-2025-138	important	570.172.08	2	CVE-2025-23277 CVE-2025-23278
2025-07-31	ALAS2023NVIDIA-2025-139	important	570.172.08	2	CVE-2025-23277 CVE-2025-23278
2025-07-31	ALAS2023NVIDIA-2025-140	important	570.172.08	2	CVE-2025-23277 CVE-2025-23278
2025-11-05	ALAS2023NVIDIA-2025-251	important	580.95.05	6	CVE-2025-23280 CVE-2025-23282 CVE-2025-23300 CVE-2025-23330 CVE-2025-23332 CVE-2025-23345
2025-11-05	ALAS2023NVIDIA-2025-252	important	580.95.05	6	CVE-2025-23280 CVE-2025-23282 CVE-2025-23300 CVE-2025-23330 CVE-2025-23332 CVE-2025-23345
2025-11-05	ALAS2023NVIDIA-2025-253	important	580.95.05	6	CVE-2025-23280 CVE-2025-23282 CVE-2025-23300 CVE-2025-23330 CVE-2025-23332 CVE-2025-23345
2026-02-09	ALAS2023NVIDIA-2026-271	important	580.126.09	1	CVE-2025-33219
2026-02-09	ALAS2023NVIDIA-2026-272	important	580.126.09	1	CVE-2025-33219
2026-02-09	ALAS2023NVIDIA-2026-273	important	580.126.09	1	CVE-2025-33219
2026-06-08	ALAS2023NVIDIA-2026-292	important	595.71.05	11	CVE-2025-33221 CVE-2026-24182 CVE-2026-24187 CVE-2026-24190 CVE-2026-24192 CVE-2026-24194 CVE-2026-24195 CVE-2026-24196 CVE-2026-24197 CVE-2026-24198 CVE-2026-24199
2026-06-08	ALAS2023NVIDIA-2026-293	important	595.71.05	11	CVE-2025-33221 CVE-2026-24182 CVE-2026-24187 CVE-2026-24190 CVE-2026-24192 CVE-2026-24194 CVE-2026-24195 CVE-2026-24196 CVE-2026-24197 CVE-2026-24198 CVE-2026-24199
2026-06-08	ALAS2023NVIDIA-2026-294	important	595.71.05	11	CVE-2025-33221 CVE-2026-24182 CVE-2026-24187 CVE-2026-24190 CVE-2026-24192 CVE-2026-24194 CVE-2026-24195 CVE-2026-24196 CVE-2026-24197 CVE-2026-24198 CVE-2026-24199
2026-08-03	ALAS2023NVIDIA-2026-309	important	580.159.03	1	CVE-2026-24193
2026-08-03	ALAS2023NVIDIA-2026-310	important	580.159.03	1	CVE-2026-24193
2026-08-03	ALAS2023NVIDIA-2026-311	important	580.159.03	1	CVE-2026-24193
